<?xml version="1.0" encoding="UTF-8" ?>
<class name="AudioStreamRandomPitch" inherits="AudioStream" version="4.0">
	<brief_description>
		Plays audio with random pitch shifting.
	</brief_description>
	<description>
		Randomly varies pitch on each start.
	</description>
	<tutorials>
	</tutorials>
	<methods>
	</methods>
	<members>
		<member name="audio_stream" type="AudioStream" setter="set_audio_stream" getter="get_audio_stream">
			The current [AudioStream].
		</member>
		<member name="random_pitch" type="float" setter="set_random_pitch" getter="get_random_pitch" default="1.1">
			The intensity of random pitch variation.
		</member>
	</members>
	<constants>
	</constants>
</class>
