<?xml version="1.0" encoding="UTF-8" ?>
<class name="AudioEffectCompressor" inherits="AudioEffect" version="4.0">
	<brief_description>
		Adds a compressor audio effect to an audio bus.
		Reduces sounds that exceed a certain threshold level, smooths out the dynamics and increases the overall volume.
	</brief_description>
	<description>
		Dynamic range compressor reduces the level of the sound when the amplitude goes over a certain threshold in Decibels. One of the main uses of a compressor is to increase the dynamic range by clipping as little as possible (when sound goes over 0dB).
		Compressor has many uses in the mix:
		- In the Master bus to compress the whole output (although an [AudioEffectLimiter] is probably better).
		- In voice channels to ensure they sound as balanced as possible.
		- Sidechained. This can reduce the sound level sidechained with another audio bus for threshold detection. This technique is common in video game mixing to the level of music and SFX while voices are being heard.
		- Accentuates transients by using a wider attack, making effects sound more punchy.
	</description>
	<tutorials>
	</tutorials>
	<methods>
	</methods>
	<members>
		<member name="attack_us" type="float" setter="set_attack_us" getter="get_attack_us" default="20.0">
			Compressor's reaction time when the signal exceeds the threshold, in microseconds. Value can range from 20 to 2000.
		</member>
		<member name="gain" type="float" setter="set_gain" getter="get_gain" default="0.0">
			Gain applied to the output signal.
		</member>
		<member name="mix" type="float" setter="set_mix" getter="get_mix" default="1.0">
			Balance between original signal and effect signal. Value can range from 0 (totally dry) to 1 (totally wet).
		</member>
		<member name="ratio" type="float" setter="set_ratio" getter="get_ratio" default="4.0">
			Amount of compression applied to the audio once it passes the threshold level. The higher the ratio, the more the loud parts of the audio will be compressed. Value can range from 1 to 48.
		</member>
		<member name="release_ms" type="float" setter="set_release_ms" getter="get_release_ms" default="250.0">
			Compressor's delay time to stop reducing the signal after the signal level falls below the threshold, in milliseconds. Value can range from 20 to 2000.
		</member>
		<member name="sidechain" type="StringName" setter="set_sidechain" getter="get_sidechain" default="@&quot;&quot;">
			Reduce the sound level using another audio bus for threshold detection.
		</member>
		<member name="threshold" type="float" setter="set_threshold" getter="get_threshold" default="0.0">
			The level above which compression is applied to the audio. Value can range from -60 to 0.
		</member>
	</members>
	<constants>
	</constants>
</class>
