<?xml version="1.0" encoding="UTF-8" ?>
<class name="CenterContainer" inherits="Container" version="4.0">
	<brief_description>
		Keeps children controls centered.
	</brief_description>
	<description>
		CenterContainer keeps children controls centered. This container keeps all children to their minimum size, in the center.
	</description>
	<tutorials>
	</tutorials>
	<methods>
	</methods>
	<members>
		<member name="use_top_left" type="bool" setter="set_use_top_left" getter="is_using_top_left" default="false">
			If [code]true[/code], centers children relative to the [CenterContainer]'s top left corner.
		</member>
	</members>
	<constants>
	</constants>
</class>
