<?xml version="1.0" encoding="UTF-8" ?>
<class name="ColorRect" inherits="Control" version="4.0">
	<brief_description>
		Colored rectangle.
	</brief_description>
	<description>
		Displays a colored rectangle.
	</description>
	<tutorials>
	</tutorials>
	<methods>
	</methods>
	<members>
		<member name="color" type="Color" setter="set_frame_color" getter="get_frame_color" default="Color( 1, 1, 1, 1 )">
			The fill color.
			[codeblock]
			$ColorRect.color = Color(1, 0, 0, 1) # Set ColorRect's color to red.
			[/codeblock]
		</member>
	</members>
	<constants>
	</constants>
</class>
