<?xml version="1.0" encoding="UTF-8" ?>
<class name="ConfirmationDialog" inherits="AcceptDialog" version="4.0">
	<brief_description>
		Dialog for confirmation of actions.
	</brief_description>
	<description>
		Dialog for confirmation of actions. This dialog inherits from [AcceptDialog], but has by default an OK and Cancel button (in host OS order).
		To get cancel action, you can use:
		[codeblock]
		get_cancel().connect("pressed", self, "cancelled")
		[/codeblock].
	</description>
	<tutorials>
	</tutorials>
	<methods>
		<method name="get_cancel">
			<return type="Button">
			</return>
			<description>
				Returns the cancel button.
			</description>
		</method>
	</methods>
	<members>
		<member name="min_size" type="Vector2i" setter="set_min_size" getter="get_min_size" override="true" default="Vector2i( 200, 70 )" />
		<member name="size" type="Vector2i" setter="set_size" getter="get_size" override="true" default="Vector2i( 200, 100 )" />
		<member name="title" type="String" setter="set_title" getter="get_title" override="true" default="&quot;Please Confirm...&quot;" />
	</members>
	<constants>
	</constants>
</class>
