<?xml version="1.0" encoding="UTF-8" ?>
<class name="ConvexPolygonShape3D" inherits="Shape3D" version="4.0">
	<brief_description>
		Convex polygon shape for 3D physics.
	</brief_description>
	<description>
		Convex polygon shape resource, which can be added to a [PhysicsBody3D] or area.
	</description>
	<tutorials>
	</tutorials>
	<methods>
	</methods>
	<members>
		<member name="points" type="PackedVector3Array" setter="set_points" getter="get_points" default="PackedVector3Array(  )">
			The list of 3D points forming the convex polygon shape.
		</member>
	</members>
	<constants>
	</constants>
</class>
